Type,Filter,TRUTH.TOTAL,TRUTH.TP,TRUTH.FN,QUERY.TOTAL,QUERY.FP,QUERY.UNK,FP.gt,METRIC.Recall,METRIC.Precision,METRIC.Frac_NA,TRUTH.TOTAL.TiTv_ratio,QUERY.TOTAL.TiTv_ratio,TRUTH.TOTAL.het_hom_ratio,QUERY.TOTAL.het_hom_ratio
INDEL,ALL,1773,1773,0,1716,0,0,0,1.0,1.0,0.0,,,0.9643649999999999,0.9848129999999999
INDEL,PASS,1773,1773,0,1716,0,0,0,1.0,1.0,0.0,,,0.9643649999999999,0.9848129999999999
SNP,ALL,2214,2214,0,2307,0,0,0,1.0,1.0,0.0,1.6514970000000002,1.584546,1.4356440000000001,1.392116
SNP,PASS,2214,2214,0,2307,0,0,0,1.0,1.0,0.0,1.6514970000000002,1.584546,1.4356440000000001,1.392116
