Type,Filter,TRUTH.TOTAL,TRUTH.TP,TRUTH.FN,QUERY.TOTAL,QUERY.FP,QUERY.UNK,FP.gt,METRIC.Recall,METRIC.Precision,METRIC.Frac_NA,TRUTH.TOTAL.TiTv_ratio,QUERY.TOTAL.TiTv_ratio,TRUTH.TOTAL.het_hom_ratio,QUERY.TOTAL.het_hom_ratio
INDEL,ALL,6104,6104,0,5867,0,0,0,1.0,1.0,0.0,,,1.5534059999999998,1.578994
INDEL,PASS,6104,6104,0,5867,0,0,0,1.0,1.0,0.0,,,1.5534059999999998,1.578994
SNP,ALL,7483,7483,0,7905,0,0,0,1.0,1.0,0.0,1.8663349999999999,1.7384830000000002,1.453115,1.428264
SNP,PASS,7483,7483,0,7905,0,0,0,1.0,1.0,0.0,1.8663349999999999,1.7384830000000002,1.453115,1.428264
