,type,total.truth,total.query,tp,fp,fn,unk,ambi,recall,recall2,precision,na,ambiguous,sompyversion,sompycmd
1,SNVs,16235,47530,15573,31957,662,0,0,0.9592238989836772,0.9592238989836772,0.32764569745423944,0.0,0.0,som.py
3,records,16235,47779,15573,32206,662,0,0,0.9592238989836772,0.9592238989836772,0.3259381736746269,0.0,0.0,som.py
