,type,total.truth,total.query,tp,fp,fn,unk,ambi,recall,recall2,precision,na,ambiguous,sompyversion,sompycmd
1,SNVs,16235,47530,15573,14698,662,17259,0,0.9592238989836772,0.9592238989836772,0.5144527765848502,0.36311803071744164,0.0,som.py
3,records,16235,47779,15573,14737,662,17469,0,0.9592238989836772,0.9592238989836772,0.5137908281095348,0.3656208794658741,0.0,som.py
