Type,Filter,TRUTH.TOTAL,TRUTH.TP,TRUTH.FN,QUERY.TOTAL,QUERY.FP,QUERY.UNK,FP.gt,METRIC.Recall,METRIC.Precision,METRIC.Frac_NA,TRUTH.TOTAL.TiTv_ratio,QUERY.TOTAL.TiTv_ratio,TRUTH.TOTAL.het_hom_ratio,QUERY.TOTAL.het_hom_ratio
INDEL,ALL,1416,1226,190,2851,60,1542,13,0.865819,0.9541629999999999,0.540863,,,1.6944439999999998,2.664042
INDEL,PASS,1416,1153,263,1597,50,374,11,0.8142659999999999,0.959117,0.23418899999999998,,,1.6944439999999998,1.396024
SNP,ALL,9908,9774,134,43035,127,33128,44,0.986476,0.987181,0.769792,1.795205,1.472842,1.747366,8.496127
SNP,PASS,9908,7075,2833,7537,23,439,1,0.714069,0.9967600000000001,0.058246000000000006,1.795205,1.8016919999999998,1.747366,1.516457
