Type,Filter,TRUTH.TOTAL,TRUTH.TP,TRUTH.FN,QUERY.TOTAL,QUERY.FP,QUERY.UNK,FP.gt,METRIC.Recall,METRIC.Precision,METRIC.Frac_NA,TRUTH.TOTAL.TiTv_ratio,QUERY.TOTAL.TiTv_ratio,TRUTH.TOTAL.het_hom_ratio,QUERY.TOTAL.het_hom_ratio
INDEL,ALL,1294,1143,151,2851,51,1633,12,0.883308,0.958128,0.572781,,,1.62156448203,2.66404199475
INDEL,PASS,1294,1082,212,1597,42,440,10,0.836167,0.963699,0.275517,,,1.62156448203,1.39602446483
SNP,ALL,9908,9774,134,43035,127,33130,44,0.986476,0.987178,0.769839,1.7952045134,1.47284198451,1.74736550194,8.49612746183
SNP,PASS,9908,7073,2835,7537,23,439,1,0.713868,0.99676,0.058246,1.7952045134,1.8016924209,1.74736550194,1.51645741432
