Type,Filter,TRUTH.TOTAL,TRUTH.TP,TRUTH.FN,QUERY.TOTAL,QUERY.FP,QUERY.UNK,FP.gt,METRIC.Recall,METRIC.Precision,METRIC.Frac_NA,TRUTH.TOTAL.TiTv_ratio,QUERY.TOTAL.TiTv_ratio,TRUTH.TOTAL.het_hom_ratio,QUERY.TOTAL.het_hom_ratio
INDEL,ALL,544,438,106,639,43,158,6,0.805147,0.910603,0.247261,,,1.231092,1.339552
INDEL,PASS,544,424,120,518,31,63,1,0.779412,0.931868,0.121622,,,1.231092,1.032129
SNP,ALL,3621,3584,37,8889,654,4651,24,0.989782,0.845682,0.523231,2.543053,1.539076,1.239332,3.350172
SNP,PASS,3621,3015,606,3080,37,28,1,0.832643,0.987877,0.009091,2.543053,2.692951,1.239332,1.264597
