Type,Filter,TRUTH.TOTAL,TRUTH.TP,TRUTH.FN,QUERY.TOTAL,QUERY.FP,QUERY.UNK,FP.gt,METRIC.Recall,METRIC.Precision,METRIC.Frac_NA,TRUTH.TOTAL.TiTv_ratio,QUERY.TOTAL.TiTv_ratio,TRUTH.TOTAL.het_hom_ratio,QUERY.TOTAL.het_hom_ratio
INDEL,ALL,1416,1227,189,2741,55,1466,13,0.866525,0.956863,0.534841,,,1.694444,2.375328
INDEL,PASS,1416,1154,262,1540,45,351,11,0.814972,0.962153,0.227922,,,1.694444,1.221713
SNP,ALL,9908,9772,136,43035,129,33128,46,0.986274,0.986979,0.769792,1.795205,1.472842,1.747366,8.493472
SNP,PASS,9908,7075,2833,7537,23,439,1,0.714069,0.99676,0.058246,1.795205,1.801692,1.747366,1.516118
