Type,Filter,TRUTH.TOTAL,TRUTH.TP,TRUTH.FN,QUERY.TOTAL,QUERY.FP,QUERY.UNK,FP.gt,METRIC.Recall,METRIC.Precision,METRIC.Frac_NA,TRUTH.TOTAL.TiTv_ratio,QUERY.TOTAL.TiTv_ratio,TRUTH.TOTAL.het_hom_ratio,QUERY.TOTAL.het_hom_ratio
INDEL,ALL,600,438,162,639,43,158,6,0.73,0.910603,0.247261,,,1.2664090000000001,1.339552
INDEL,PASS,600,424,176,518,31,63,1,0.706667,0.931868,0.12162200000000001,,,1.2664090000000001,1.032129
SNP,ALL,3633,3584,49,8889,654,4651,24,0.986513,0.8456819999999999,0.523231,2.527184,1.539076,1.237069,3.350172
SNP,PASS,3633,3015,618,3080,37,28,1,0.829893,0.987877,0.009091,2.527184,2.692951,1.237069,1.264597
