Type,Filter,TRUTH.TOTAL,TRUTH.TP,TRUTH.FN,QUERY.TOTAL,QUERY.FP,QUERY.UNK,FP.gt,METRIC.Recall,METRIC.Precision,METRIC.Frac_NA,TRUTH.TOTAL.TiTv_ratio,QUERY.TOTAL.TiTv_ratio,TRUTH.TOTAL.het_hom_ratio,QUERY.TOTAL.het_hom_ratio
INDEL,ALL,470,373,97,639,34,232,0,0.793617,0.916462,0.363067,,,1.481081,1.339552
INDEL,PASS,470,359,111,518,27,132,0,0.76383,0.930052,0.254826,,,1.481081,1.032129
SNP,ALL,3512,3490,22,8889,639,4760,10,0.993736,0.845241,0.535493,2.605749,1.539076,1.268734,3.350172
SNP,PASS,3512,3000,512,3080,36,44,1,0.854214,0.988142,0.014286,2.605749,2.692951,1.268734,1.264597
