Type,Filter,TRUTH.TOTAL,TRUTH.TP,TRUTH.FN,QUERY.TOTAL,QUERY.FP,QUERY.UNK,FP.gt,METRIC.Recall,METRIC.Precision,METRIC.Frac_NA,TRUTH.TOTAL.TiTv_ratio,QUERY.TOTAL.TiTv_ratio,TRUTH.TOTAL.het_hom_ratio,QUERY.TOTAL.het_hom_ratio
INDEL,ALL,8937,7059,1878,11811,1235,3517,45,0.789862,0.851097,0.297773,,,1.35799061551,1.45720338983
INDEL,PASS,8937,6849,2088,9970,1159,1962,30,0.766365,0.85527,0.19679,,,1.35799061551,1.23884694578
SNP,ALL,52494,52105,389,90092,639,37348,107,0.99259,0.987885,0.414554,2.08261405672,1.74587418549,1.59433542583,3.13258602472
SNP,PASS,52494,46908,5586,48078,178,992,8,0.893588,0.99622,0.020633,2.08261405672,2.08928227824,1.59433542583,1.48759858863
