Type,Filter,TRUTH.TOTAL,TRUTH.TP,TRUTH.FN,QUERY.TOTAL,QUERY.FP,QUERY.UNK,FP.gt,METRIC.Recall,METRIC.Precision,METRIC.Frac_NA,TRUTH.TOTAL.TiTv_ratio,QUERY.TOTAL.TiTv_ratio,TRUTH.TOTAL.het_hom_ratio,QUERY.TOTAL.het_hom_ratio
INDEL,ALL,9126,8532,594,14475,367,5375,18,0.934911,0.95967,0.37133,,,1.4244024458,1.93149834437
INDEL,PASS,9126,8532,594,14449,366,5350,18,0.934911,0.959776,0.370268,,,1.4244024458,1.9267232457
SNP,ALL,51016,50157,859,70641,130,20405,60,0.983162,0.997412,0.288855,2.08128510176,1.85179356817,1.59334960342,2.28952886901
SNP,PASS,51016,50156,860,70551,130,20316,60,0.983143,0.997412,0.287962,2.08128510176,1.85242059323,1.59334960342,2.28640686183
