Type,Filter,TRUTH.TOTAL,TRUTH.TP,TRUTH.FN,QUERY.TOTAL,QUERY.FP,QUERY.UNK,FP.gt,METRIC.Recall,METRIC.Precision,METRIC.Frac_NA,TRUTH.TOTAL.TiTv_ratio,QUERY.TOTAL.TiTv_ratio,TRUTH.TOTAL.het_hom_ratio,QUERY.TOTAL.het_hom_ratio
INDEL,ALL,8934,7968,966,11811,237,3504,119,0.891874,0.97147,0.296673,,,1.35828729282,1.45720338983
INDEL,PASS,8934,7660,1274,9970,180,1953,87,0.857399,0.977548,0.195888,,,1.35828729282,1.23884694578
SNP,ALL,52494,52174,320,90092,471,37383,134,0.993904,0.991064,0.414943,2.08261405672,1.74587418549,1.59433542583,3.13258602472
SNP,PASS,52494,46955,5539,48078,70,1014,17,0.894483,0.998513,0.021091,2.08261405672,2.08928227824,1.59433542583,1.48759858863
