Type,Filter,TRUTH.TOTAL,TRUTH.TP,TRUTH.FN,QUERY.TOTAL,QUERY.FP,QUERY.UNK,FP.gt,METRIC.Recall,METRIC.Precision,METRIC.Frac_NA,TRUTH.TOTAL.TiTv_ratio,QUERY.TOTAL.TiTv_ratio,TRUTH.TOTAL.het_hom_ratio,QUERY.TOTAL.het_hom_ratio
INDEL,ALL,8383,6768,1615,11811,1144,3899,41,0.807348,0.85541,0.330116,,,1.31143762604,1.45720338983
INDEL,PASS,8383,6593,1790,9970,1080,2297,28,0.786473,0.859247,0.230391,,,1.31143762604,1.23884694578
SNP,ALL,52494,52105,389,90092,604,37383,107,0.99259,0.988541,0.414943,2.08261405672,1.74587418549,1.59433542583,3.13258602472
SNP,PASS,52494,46908,5586,48078,156,1014,8,0.893588,0.996685,0.021091,2.08261405672,2.08928227824,1.59433542583,1.48759858863
