Type,Filter,TRUTH.TOTAL,TRUTH.TP,TRUTH.FN,QUERY.TOTAL,QUERY.FP,QUERY.UNK,FP.gt,METRIC.Recall,METRIC.Precision,METRIC.Frac_NA,TRUTH.TOTAL.TiTv_ratio,QUERY.TOTAL.TiTv_ratio,TRUTH.TOTAL.het_hom_ratio,QUERY.TOTAL.het_hom_ratio
INDEL,ALL,8946,7061,1885,11811,1256,3494,46,0.789291,0.848984,0.29582600000000003,,,1.3589959999999999,1.457203
INDEL,PASS,8946,6851,2095,9970,1175,1944,31,0.765817,0.853601,0.194985,,,1.3589959999999999,1.238847
SNP,ALL,52494,52105,389,90092,604,37383,107,0.99259,0.988541,0.414943,2.082614,1.7458740000000001,1.594335,3.132586
SNP,PASS,52494,46908,5586,48078,156,1014,8,0.8935879999999999,0.996685,0.021091,2.082614,2.089282,1.594335,1.487599
