Type,Filter,TRUTH.TOTAL,TRUTH.TP,TRUTH.FN,QUERY.TOTAL,QUERY.FP,QUERY.UNK,FP.gt,METRIC.Recall,METRIC.Precision,METRIC.Frac_NA,TRUTH.TOTAL.TiTv_ratio,QUERY.TOTAL.TiTv_ratio,TRUTH.TOTAL.het_hom_ratio,QUERY.TOTAL.het_hom_ratio
INDEL,ALL,9124,8100,1024,11731,228,3460,71,0.887769,0.972434,0.29494499999999996,,,1.4638520000000002,1.4233049999999998
INDEL,PASS,9124,7869,1255,9910,176,1922,48,0.862451,0.977967,0.193946,,,1.4638520000000002,1.209239
SNP,ALL,52520,52202,318,90092,476,37377,109,0.9939450000000001,0.99097,0.414876,2.0812459999999997,1.7458740000000001,1.595621,3.132586
SNP,PASS,52520,46965,5555,48083,83,1013,8,0.894231,0.998237,0.021068,2.0812459999999997,2.0894049999999997,1.595621,1.487858
