Type,Filter,TRUTH.TOTAL,TRUTH.TP,TRUTH.FN,QUERY.TOTAL,QUERY.FP,QUERY.UNK,FP.gt,METRIC.Recall,METRIC.Precision,METRIC.Frac_NA,TRUTH.TOTAL.TiTv_ratio,QUERY.TOTAL.TiTv_ratio,TRUTH.TOTAL.het_hom_ratio,QUERY.TOTAL.het_hom_ratio
INDEL,ALL,8934,7968,966,11811,247,3494,120,0.891874,0.970302,0.29582600000000003,,,1.358287,1.457203
INDEL,PASS,8934,7685,1249,9970,189,1944,87,0.860197,0.9764520000000001,0.194985,,,1.358287,1.238847
SNP,ALL,52494,52174,320,90092,471,37383,134,0.9939040000000001,0.991064,0.414943,2.082614,1.7458740000000001,1.594335,3.132586
SNP,PASS,52494,46960,5534,48078,70,1014,17,0.8945780000000001,0.9985129999999999,0.021091,2.082614,2.089282,1.594335,1.487599
