Type,Filter,TRUTH.TOTAL,TRUTH.TP,TRUTH.FN,QUERY.TOTAL,QUERY.FP,QUERY.UNK,FP.gt,METRIC.Recall,METRIC.Precision,METRIC.Frac_NA,METRIC.F1_Score,TRUTH.TOTAL.TiTv_ratio,QUERY.TOTAL.TiTv_ratio,TRUTH.TOTAL.het_hom_ratio,QUERY.TOTAL.het_hom_ratio
INDEL,ALL,8937,7584,1353,9971,299,1964,30,0.848607,0.962658,0.196971,0.902042,,,1.35799061551,1.23930450698
INDEL,PASS,8937,7584,1353,9971,299,1964,30,0.848607,0.962658,0.196971,0.902042,,,1.35799061551,1.23930450698
SNP,ALL,52494,46921,5573,48078,142,992,8,0.893835,0.996984,0.020633,0.942596,2.08261405672,2.08928227824,1.59433542583,1.48759858863
SNP,PASS,52494,46921,5573,48078,142,992,8,0.893835,0.996984,0.020633,0.942596,2.08261405672,2.08928227824,1.59433542583,1.48759858863
