Type,Filter,TRUTH.TOTAL,TRUTH.TP,TRUTH.FN,QUERY.TOTAL,QUERY.FP,QUERY.UNK,FP.gt,METRIC.Recall,METRIC.Precision,METRIC.Frac_NA,TRUTH.TOTAL.TiTv_ratio,QUERY.TOTAL.TiTv_ratio,TRUTH.TOTAL.het_hom_ratio,QUERY.TOTAL.het_hom_ratio
INDEL,ALL,8929,7967,962,11811,230,3513,117,0.892261,0.972282,0.297435,,,1.35718232044,1.45720338983
INDEL,PASS,8929,7659,1270,9970,177,1958,86,0.857767,0.977908,0.196389,,,1.35718232044,1.23884694578
SNP,ALL,52494,52174,320,90092,504,37348,134,0.993904,0.990444,0.414554,2.08261405672,1.74587418549,1.59433542583,3.13258602472
SNP,PASS,52494,46955,5539,48078,90,992,17,0.894483,0.998089,0.020633,2.08261405672,2.08928227824,1.59433542583,1.48759858863
