Type,Filter,TRUTH.TOTAL,TRUTH.TP,TRUTH.FN,QUERY.TOTAL,QUERY.FP,QUERY.UNK,FP.gt,METRIC.Recall,METRIC.Precision,METRIC.Frac_NA,TRUTH.TOTAL.TiTv_ratio,QUERY.TOTAL.TiTv_ratio,TRUTH.TOTAL.het_hom_ratio,QUERY.TOTAL.het_hom_ratio
INDEL,ALL,8946,7840,1106,11811,356,3505,46,0.876369,0.957139,0.296757,,,1.35899558499,1.45720338983
INDEL,PASS,8946,7551,1395,9970,291,1954,31,0.844064,0.963698,0.195988,,,1.35899558499,1.23884694578
SNP,ALL,52494,52125,369,90092,548,37383,107,0.992971,0.989603,0.414943,2.08261405672,1.74587418549,1.59433542583,3.13258602472
SNP,PASS,52494,46920,5574,48078,122,1014,8,0.893816,0.997408,0.021091,2.08261405672,2.08928227824,1.59433542583,1.48759858863
