Type,Filter,TRUTH.TOTAL,TRUTH.TP,TRUTH.FN,QUERY.TOTAL,QUERY.FP,QUERY.UNK,FP.gt,METRIC.Recall,METRIC.Precision,METRIC.Frac_NA,TRUTH.TOTAL.TiTv_ratio,QUERY.TOTAL.TiTv_ratio,TRUTH.TOTAL.het_hom_ratio,QUERY.TOTAL.het_hom_ratio
INDEL,ALL,8409,7625,784,11811,204,3895,102,0.906767,0.974229,0.329777,,,1.3095921884,1.45720338983
INDEL,PASS,8409,7361,1048,9970,156,2293,75,0.875372,0.97968,0.22999,,,1.3095921884,1.23884694578
SNP,ALL,52494,52174,320,90092,471,37383,134,0.993904,0.991064,0.414943,2.08261405672,1.74587418549,1.59433542583,3.13258602472
SNP,PASS,52494,46955,5539,48078,70,1014,17,0.894483,0.998513,0.021091,2.08261405672,2.08928227824,1.59433542583,1.48759858863
