Type,Filter,TRUTH.TOTAL,TRUTH.TP,TRUTH.FN,QUERY.TOTAL,QUERY.FP,QUERY.UNK,FP.gt,METRIC.Recall,METRIC.Precision,METRIC.Frac_NA,METRIC.F1_Score,TRUTH.TOTAL.TiTv_ratio,QUERY.TOTAL.TiTv_ratio,TRUTH.TOTAL.het_hom_ratio,QUERY.TOTAL.het_hom_ratio
INDEL,ALL,8383,7501,882,11812,298,3902,41,0.894787,0.962326,0.330342,0.927328,,,1.31143762604,1.45762711864
INDEL,PASS,8383,7257,1126,9971,246,2299,28,0.865681,0.967935,0.230569,0.913957,,,1.31143762604,1.23930450698
SNP,ALL,52494,52125,369,90092,548,37383,107,0.992971,0.989603,0.414943,0.991284,2.08261405672,1.74587418549,1.59433542583,3.13258602472
SNP,PASS,52494,46920,5574,48078,122,1014,8,0.893816,0.997408,0.021091,0.942775,2.08261405672,2.08928227824,1.59433542583,1.48759858863
