Type,Filter,TRUTH.TOTAL,TRUTH.TP,TRUTH.FN,QUERY.TOTAL,QUERY.FP,QUERY.UNK,FP.gt,METRIC.Recall,METRIC.Precision,METRIC.Frac_NA,TRUTH.TOTAL.TiTv_ratio,QUERY.TOTAL.TiTv_ratio,TRUTH.TOTAL.het_hom_ratio,QUERY.TOTAL.het_hom_ratio
INDEL,ALL,8937,7583,1354,9970,301,1962,30,0.848495,0.962413,0.19679,,,1.35799061551,1.23884694578
INDEL,PASS,8937,7583,1354,9970,301,1962,30,0.848495,0.962413,0.19679,,,1.35799061551,1.23884694578
SNP,ALL,52494,46921,5573,48078,142,992,8,0.893835,0.996984,0.020633,2.08261405672,2.08928227824,1.59433542583,1.48759858863
SNP,PASS,52494,46921,5573,48078,142,992,8,0.893835,0.996984,0.020633,2.08261405672,2.08928227824,1.59433542583,1.48759858863
