Type,Filter,TRUTH.TOTAL,TRUTH.TP,TRUTH.FN,QUERY.TOTAL,QUERY.FP,QUERY.UNK,FP.gt,METRIC.Recall,METRIC.Precision,METRIC.Frac_NA,TRUTH.TOTAL.TiTv_ratio,QUERY.TOTAL.TiTv_ratio,TRUTH.TOTAL.het_hom_ratio,QUERY.TOTAL.het_hom_ratio
INDEL,ALL,8946,7852,1094,11432,330,3305,46,0.877711,0.959395,0.289101,,,1.358996,1.29661
INDEL,PASS,8946,7641,1305,9646,266,1809,31,0.854125,0.966058,0.187539,,,1.358996,1.090597
SNP,ALL,52494,52114,380,90092,559,37377,118,0.992761,0.989396,0.414876,2.082614,1.745874,1.594335,3.131116
SNP,PASS,52494,46927,5567,48078,123,1013,9,0.89395,0.997387,0.02107,2.082614,2.089282,1.594335,1.487495
