Type,Filter,TRUTH.TOTAL,TRUTH.TP,TRUTH.FN,QUERY.TOTAL,QUERY.FP,QUERY.UNK,FP.gt,METRIC.Recall,METRIC.Precision,METRIC.Frac_NA,TRUTH.TOTAL.TiTv_ratio,QUERY.TOTAL.TiTv_ratio,TRUTH.TOTAL.het_hom_ratio,QUERY.TOTAL.het_hom_ratio
INDEL,ALL,8946,7585,1361,9970,317,1944,31,0.847865,0.9605030000000001,0.194985,,,1.3589959999999999,1.238847
INDEL,PASS,8946,7585,1361,9970,317,1944,31,0.847865,0.9605030000000001,0.194985,,,1.3589959999999999,1.238847
SNP,ALL,52494,46921,5573,48078,121,1013,8,0.893835,0.9974290000000001,0.02107,2.082614,2.089282,1.594335,1.487599
SNP,PASS,52494,46921,5573,48078,121,1013,8,0.893835,0.9974290000000001,0.02107,2.082614,2.089282,1.594335,1.487599
