Type,Filter,TRUTH.TOTAL,TRUTH.TP,TRUTH.FN,QUERY.TOTAL,QUERY.FP,QUERY.UNK,FP.gt,METRIC.Recall,METRIC.Precision,METRIC.Frac_NA,TRUTH.TOTAL.TiTv_ratio,QUERY.TOTAL.TiTv_ratio,TRUTH.TOTAL.het_hom_ratio,QUERY.TOTAL.het_hom_ratio
INDEL,ALL,8946,7840,1106,11811,367,3489,46,0.8763690000000001,0.9559,0.295403,,,1.3589959999999999,1.457203
INDEL,PASS,8946,7630,1316,9970,301,1939,31,0.8528950000000001,0.96252,0.194483,,,1.3589959999999999,1.238847
SNP,ALL,52494,52125,369,90092,548,37377,107,0.9929709999999999,0.989604,0.414876,2.082614,1.7458740000000001,1.594335,3.132586
SNP,PASS,52494,46928,5566,48078,122,1013,8,0.893969,0.997408,0.02107,2.082614,2.089282,1.594335,1.487599
