Type,Filter,TRUTH.TOTAL,TRUTH.TP,TRUTH.FN,QUERY.TOTAL,QUERY.FP,QUERY.UNK,FP.gt,METRIC.Recall,METRIC.Precision,METRIC.Frac_NA,TRUTH.TOTAL.TiTv_ratio,QUERY.TOTAL.TiTv_ratio,TRUTH.TOTAL.het_hom_ratio,QUERY.TOTAL.het_hom_ratio
INDEL,ALL,8946,7840,1106,11811,367,3494,46,0.876369,0.955874,0.295826,,,1.358996,1.457203
INDEL,PASS,8946,7630,1316,9970,301,1944,31,0.852895,0.962497,0.194985,,,1.358996,1.238847
SNP,ALL,52494,52125,369,90092,548,37383,107,0.992971,0.989603,0.414943,2.082614,1.745874,1.594335,3.132586
SNP,PASS,52494,46928,5566,48078,122,1014,8,0.893969,0.997408,0.021091,2.082614,2.089282,1.594335,1.487599
