Type,Filter,TRUTH.TOTAL,TRUTH.TP,TRUTH.FN,QUERY.TOTAL,QUERY.FP,QUERY.UNK,FP.gt,METRIC.Recall,METRIC.Precision,METRIC.Frac_NA,TRUTH.TOTAL.TiTv_ratio,QUERY.TOTAL.TiTv_ratio,TRUTH.TOTAL.het_hom_ratio,QUERY.TOTAL.het_hom_ratio
INDEL,ALL,8946,7161,1785,11432,961,3310,46,0.800469,0.8816790000000001,0.289538,,,1.3589959999999999,1.29661
INDEL,PASS,8946,6950,1996,9646,882,1814,31,0.776884,0.8873850000000001,0.188057,,,1.3589959999999999,1.090597
SNP,ALL,52494,52094,400,90092,615,37383,118,0.9923799999999999,0.988332,0.414943,2.082614,1.7458740000000001,1.594335,3.131116
SNP,PASS,52494,46907,5587,48078,157,1014,9,0.8935690000000001,0.996664,0.021091,2.082614,2.089282,1.594335,1.487495
