Type,Filter,TRUTH.TOTAL,TRUTH.TP,TRUTH.FN,QUERY.TOTAL,QUERY.FP,QUERY.UNK,FP.gt,METRIC.Recall,METRIC.Precision,METRIC.Frac_NA,TRUTH.TOTAL.TiTv_ratio,QUERY.TOTAL.TiTv_ratio,TRUTH.TOTAL.het_hom_ratio,QUERY.TOTAL.het_hom_ratio
INDEL,ALL,8946,7599,1347,9646,276,1814,31,0.84943,0.96476,0.188057,,,1.358996,1.090597
INDEL,PASS,8946,7599,1347,9646,276,1814,31,0.84943,0.96476,0.188057,,,1.358996,1.090597
SNP,ALL,52494,46920,5574,48078,122,1013,9,0.893816,0.997408,0.02107,2.082614,2.089282,1.594335,1.487495
SNP,PASS,52494,46920,5574,48078,122,1013,9,0.893816,0.997408,0.02107,2.082614,2.089282,1.594335,1.487495
